{
  "uid" : "98d3104e051c652961429bf95fa0b5d6",
  "name" : "suites",
  "children" : [ {
    "name" : "testcases.exception_testing",
    "children" : [ {
      "name" : "test_api_exception_case",
      "children" : [ {
        "name" : "Test",
        "children" : [ {
          "name" : "test_01[data0]",
          "uid" : "a73ecebbfb4e6911",
          "parentUid" : "1b1351b70205c98c0644e9e57499e56a",
          "status" : "broken",
          "time" : {
            "start" : 1594631305943,
            "stop" : 1594631305943,
            "duration" : 0
          },
          "flaky" : false,
          "newFailed" : false,
          "parameters" : [ "['case001', '录入名单', 'http://djy-web-fat3.woda.ink/api/v1/DJY_Name_Manager/AddNameForOpenAPI', None, True, {'InterviewDate': '2020-05-19', 'Name': '安暗声', 'Gender': 1, 'IDCardNum': '522627197506252482', 'Mobile': '18047805523', 'Nation': '汉', 'IDCardExprDate': '2030-02-11', 'Addr': '测试地址', 'SpEntID': 3889, 'InterviewStatus': 0, 'Remark': '测试', 'FromSpID': 23054, 'FromSpName': '殷海涛供应商', 'TargetSpId': 22699, 'SpName': '奇迹劳务', 'InputType': 2}, {'Code': 0, 'Data': {'Guid': 0, 'NameListId': 1689420, 'RcrtTyp': 2, 'Uuid': 0}, 'Desc': '成功'}, '']" ]
        }, {
          "name" : "test_01[data1]",
          "uid" : "8a04a6a0c1faab7b",
          "parentUid" : "1b1351b70205c98c0644e9e57499e56a",
          "status" : "broken",
          "time" : {
            "start" : 1594631307018,
            "stop" : 1594631307018,
            "duration" : 0
          },
          "flaky" : false,
          "newFailed" : false,
          "parameters" : [ "['case002', '手机号码为空，获取验证码', 'http://djy-web-fat3.woda.ink/api/v1/VCodeManager/GetVCode', None, True, {'SPhone': ''}, {'Code': 300, 'Data': '', 'Desc': '手机号码无效'}, '是']" ]
        }, {
          "name" : "test_01[data2]",
          "uid" : "f9024040e01c33fe",
          "parentUid" : "1b1351b70205c98c0644e9e57499e56a",
          "status" : "broken",
          "time" : {
            "start" : 1594631307031,
            "stop" : 1594631307031,
            "duration" : 0
          },
          "flaky" : false,
          "newFailed" : false,
          "parameters" : [ "['case003', '手机号码为空，获取验证码', 'http://djy-web-fat3.woda.ink/api/v1/VCodeManager/GetVCode', None, True, {'SPhone': '112@多少'}, {'Code': 300, 'Data': '', 'Desc': '手机号码无效'}, '是']" ]
        }, {
          "name" : "test_01[data3]",
          "uid" : "46c0281744369c51",
          "parentUid" : "1b1351b70205c98c0644e9e57499e56a",
          "status" : "broken",
          "time" : {
            "start" : 1594631307044,
            "stop" : 1594631307044,
            "duration" : 0
          },
          "flaky" : false,
          "newFailed" : false,
          "parameters" : [ "['case004', '手机号码为空，登录', 'http://djy-web-fat3.woda.ink/api/v1/DJY_Login/MiniLogin', None, True, {'mobile': '', 'vcode': '0846', 'tenant_type': 2}, {'Code': 50001, 'Desc': '输入参数错误', 'Data': None}, '是']" ]
        }, {
          "name" : "test_01[data4]",
          "uid" : "e69263a8bdc55617",
          "parentUid" : "1b1351b70205c98c0644e9e57499e56a",
          "status" : "broken",
          "time" : {
            "start" : 1594631307056,
            "stop" : 1594631307056,
            "duration" : 0
          },
          "flaky" : false,
          "newFailed" : false,
          "parameters" : [ "['case005', '验证码为空，登录', 'http://djy-web-fat3.woda.ink/api/v1/DJY_Login/MiniLogin', None, True, {'mobile': '18362378923', 'vcode': '', 'tenant_type': 2}, {'Code': 50001, 'Desc': '输入参数错误', 'Data': None}, '是']" ]
        }, {
          "name" : "test_01[data5]",
          "uid" : "1a4ef8f5bf7e003c",
          "parentUid" : "1b1351b70205c98c0644e9e57499e56a",
          "status" : "broken",
          "time" : {
            "start" : 1594631307068,
            "stop" : 1594631307068,
            "duration" : 0
          },
          "flaky" : false,
          "newFailed" : false,
          "parameters" : [ "['case006', '手机号码和验证码不匹配，登录', 'http://djy-web-fat3.woda.ink/api/v1/DJY_Login/MiniLogin', None, True, {'mobile': '18362378923', 'vcode': '0846', 'tenant_type': 2}, {'Code': 60003, 'Desc': '验证码不匹配', 'Data': None}, '是']" ]
        } ],
        "uid" : "1b1351b70205c98c0644e9e57499e56a"
      } ],
      "uid" : "a46f31bee257e0f2e5b6b30edf900852"
    } ],
    "uid" : "1b19b0114d85e3bb3f777d5fe7cc58de"
  }, {
    "name" : "testcases.service_testing.MiniPro",
    "children" : [ {
      "name" : "test_login",
      "children" : [ {
        "name" : "TestLoin",
        "children" : [ {
          "name" : "输入正确的手机号码，获取验证码",
          "uid" : "f53b42136224a431",
          "parentUid" : "28b8976a7ff296090ca84a0ef003f6d3",
          "status" : "passed",
          "time" : {
            "start" : 1594631307272,
            "stop" : 1594631307364,
            "duration" : 92
          },
          "flaky" : false,
          "newFailed" : false,
          "parameters" : [ ]
        }, {
          "name" : "输入正确的验证码和手机号码,tenant_type为2登录",
          "uid" : "d7d863e3664c8b51",
          "parentUid" : "28b8976a7ff296090ca84a0ef003f6d3",
          "status" : "passed",
          "time" : {
            "start" : 1594631307373,
            "stop" : 1594631308611,
            "duration" : 1238
          },
          "flaky" : false,
          "newFailed" : false,
          "parameters" : [ ]
        }, {
          "name" : "输入正确的验证码和手机号码,tenant_type为1登录",
          "uid" : "8d29aad905b23491",
          "parentUid" : "28b8976a7ff296090ca84a0ef003f6d3",
          "status" : "failed",
          "time" : {
            "start" : 1594631308623,
            "stop" : 1594631309337,
            "duration" : 714
          },
          "flaky" : false,
          "newFailed" : false,
          "parameters" : [ ]
        } ],
        "uid" : "28b8976a7ff296090ca84a0ef003f6d3"
      } ],
      "uid" : "582a38eb8f3bba0aa83e6f4be704ae10"
    }, {
      "name" : "test_uploadThreecard",
      "children" : [ {
        "name" : "TestThreecard",
        "children" : [ {
          "name" : "选择身份证图片，上传身份证",
          "uid" : "2f200c74f1d68d9e",
          "parentUid" : "0ee125da4eeafe960f71d002f40ca7ee",
          "status" : "passed",
          "time" : {
            "start" : 1594631309696,
            "stop" : 1594631311375,
            "duration" : 1679
          },
          "flaky" : false,
          "newFailed" : false,
          "parameters" : [ ]
        }, {
          "name" : "会员已上传身份证，再次上传身份证",
          "uid" : "6ec6e9dd5e968079",
          "parentUid" : "0ee125da4eeafe960f71d002f40ca7ee",
          "status" : "broken",
          "time" : {
            "start" : 1594631311383,
            "stop" : 1594631315168,
            "duration" : 3785
          },
          "flaky" : false,
          "newFailed" : false,
          "parameters" : [ ]
        }, {
          "name" : "会员上传银行卡",
          "uid" : "60f4130ef6354fe5",
          "parentUid" : "0ee125da4eeafe960f71d002f40ca7ee",
          "status" : "broken",
          "time" : {
            "start" : 1594631315191,
            "stop" : 1594631317713,
            "duration" : 2522
          },
          "flaky" : false,
          "newFailed" : false,
          "parameters" : [ ]
        }, {
          "name" : "银行卡列表数据查看",
          "uid" : "4eebb03651e08144",
          "parentUid" : "0ee125da4eeafe960f71d002f40ca7ee",
          "status" : "broken",
          "time" : {
            "start" : 1594631317745,
            "stop" : 1594631321516,
            "duration" : 3771
          },
          "flaky" : false,
          "newFailed" : false,
          "parameters" : [ ]
        }, {
          "name" : "会员身份证未审核通过上传工牌",
          "uid" : "972c114bd2596f1f",
          "parentUid" : "0ee125da4eeafe960f71d002f40ca7ee",
          "status" : "broken",
          "time" : {
            "start" : 1594631321544,
            "stop" : 1594631322424,
            "duration" : 880
          },
          "flaky" : false,
          "newFailed" : false,
          "parameters" : [ ]
        }, {
          "name" : "会员身份证已审核通过上传工牌",
          "uid" : "b16fbc32ddc33173",
          "parentUid" : "0ee125da4eeafe960f71d002f40ca7ee",
          "status" : "broken",
          "time" : {
            "start" : 1594631322451,
            "stop" : 1594631323244,
            "duration" : 793
          },
          "flaky" : false,
          "newFailed" : false,
          "parameters" : [ ]
        }, {
          "name" : "会员已上传待审核状态的工牌再次上传工牌",
          "uid" : "de82eeb1a827b7d6",
          "parentUid" : "0ee125da4eeafe960f71d002f40ca7ee",
          "status" : "broken",
          "time" : {
            "start" : 1594631323270,
            "stop" : 1594631323858,
            "duration" : 588
          },
          "flaky" : false,
          "newFailed" : false,
          "parameters" : [ ]
        }, {
          "name" : "会员工牌列表检查",
          "uid" : "770e67b93b57616",
          "parentUid" : "0ee125da4eeafe960f71d002f40ca7ee",
          "status" : "broken",
          "time" : {
            "start" : 1594631323905,
            "stop" : 1594631324698,
            "duration" : 793
          },
          "flaky" : false,
          "newFailed" : false,
          "parameters" : [ ]
        }, {
          "name" : "会员已上传待审核状态身份证，再次上传身份证",
          "uid" : "61a4425c4b737ae",
          "parentUid" : "0ee125da4eeafe960f71d002f40ca7ee",
          "status" : "passed",
          "time" : {
            "start" : 1594631324724,
            "stop" : 1594631325213,
            "duration" : 489
          },
          "flaky" : false,
          "newFailed" : false,
          "parameters" : [ ]
        }, {
          "name" : "会员已上传审核通过的身份证，再次上传身份证",
          "uid" : "1e161fc559a1ed8a",
          "parentUid" : "0ee125da4eeafe960f71d002f40ca7ee",
          "status" : "broken",
          "time" : {
            "start" : 1594631325222,
            "stop" : 1594631325683,
            "duration" : 461
          },
          "flaky" : false,
          "newFailed" : false,
          "parameters" : [ ]
        } ],
        "uid" : "0ee125da4eeafe960f71d002f40ca7ee"
      } ],
      "uid" : "47926a929bbbf17c9656f68e70198f5e"
    } ],
    "uid" : "60b7dd926b215a3222d07816a822a8c5"
  }, {
    "name" : "testcases.service_testing.PQ",
    "children" : [ {
      "name" : "test_a",
      "children" : [ {
        "name" : "test_1",
        "uid" : "c4dacb99677056a2",
        "parentUid" : "12d449d851750df3bcc8af99314306ab",
        "status" : "passed",
        "time" : {
          "start" : 1594631351077,
          "stop" : 1594631351077,
          "duration" : 0
        },
        "flaky" : false,
        "newFailed" : false,
        "parameters" : [ ]
      } ],
      "uid" : "12d449d851750df3bcc8af99314306ab"
    }, {
      "name" : "test_bankcard_infomange",
      "children" : [ {
        "name" : "Testbankcardinfo",
        "children" : [ {
          "name" : "身份证未审核状态银行卡信息记录检查",
          "uid" : "8c2c705cb1425738",
          "parentUid" : "47973872e5d4bc65b4a654812b71bf35",
          "status" : "broken",
          "time" : {
            "start" : 1594631351142,
            "stop" : 1594631351500,
            "duration" : 358
          },
          "flaky" : false,
          "newFailed" : false,
          "parameters" : [ ]
        }, {
          "name" : "身份证审核不通过状态银行卡信息记录检查",
          "uid" : "c59d12fff150f0b9",
          "parentUid" : "47973872e5d4bc65b4a654812b71bf35",
          "status" : "broken",
          "time" : {
            "start" : 1594631351566,
            "stop" : 1594631351876,
            "duration" : 310
          },
          "flaky" : false,
          "newFailed" : false,
          "parameters" : [ ]
        }, {
          "name" : "身份证审核通过状态，未审核状态的银行信息记录检查",
          "uid" : "afc6cdd40f17955c",
          "parentUid" : "47973872e5d4bc65b4a654812b71bf35",
          "status" : "broken",
          "time" : {
            "start" : 1594631351972,
            "stop" : 1594631352302,
            "duration" : 330
          },
          "flaky" : false,
          "newFailed" : false,
          "parameters" : [ ]
        }, {
          "name" : "身份证审核通过状态，审核通过银行卡信息记录检查",
          "uid" : "bd3fcfad052197e0",
          "parentUid" : "47973872e5d4bc65b4a654812b71bf35",
          "status" : "broken",
          "time" : {
            "start" : 1594631352364,
            "stop" : 1594631352680,
            "duration" : 316
          },
          "flaky" : false,
          "newFailed" : false,
          "parameters" : [ ]
        }, {
          "name" : "身份证审核通过状态，审核不通过银行卡信息记录检查",
          "uid" : "1ace4ca9217b0b72",
          "parentUid" : "47973872e5d4bc65b4a654812b71bf35",
          "status" : "broken",
          "time" : {
            "start" : 1594631352739,
            "stop" : 1594631353083,
            "duration" : 344
          },
          "flaky" : false,
          "newFailed" : false,
          "parameters" : [ ]
        }, {
          "name" : "统计信息数据检查",
          "uid" : "4cfd241fcb4aaae",
          "parentUid" : "47973872e5d4bc65b4a654812b71bf35",
          "status" : "broken",
          "time" : {
            "start" : 1594631353163,
            "stop" : 1594631353310,
            "duration" : 147
          },
          "flaky" : false,
          "newFailed" : false,
          "parameters" : [ ]
        }, {
          "name" : "银行卡信息列表查看未脱敏手机号、未脱敏身份证号码、未脱敏银行卡号",
          "uid" : "6d315b1b414443bf",
          "parentUid" : "47973872e5d4bc65b4a654812b71bf35",
          "status" : "broken",
          "time" : {
            "start" : 1594631353368,
            "stop" : 1594631353498,
            "duration" : 130
          },
          "flaky" : false,
          "newFailed" : false,
          "parameters" : [ ]
        }, {
          "name" : "默认查询项查询",
          "uid" : "64cf4847fd93c304",
          "parentUid" : "47973872e5d4bc65b4a654812b71bf35",
          "status" : "broken",
          "time" : {
            "start" : 1594631353579,
            "stop" : 1594631353711,
            "duration" : 132
          },
          "flaky" : false,
          "newFailed" : false,
          "parameters" : [ ]
        }, {
          "name" : "身份证号码查询",
          "uid" : "915405831052b96c",
          "parentUid" : "47973872e5d4bc65b4a654812b71bf35",
          "status" : "broken",
          "time" : {
            "start" : 1594631353774,
            "stop" : 1594631353901,
            "duration" : 127
          },
          "flaky" : false,
          "newFailed" : false,
          "parameters" : [ ]
        }, {
          "name" : "姓名查询",
          "uid" : "fa6c5c3bdd0fd8df",
          "parentUid" : "47973872e5d4bc65b4a654812b71bf35",
          "status" : "broken",
          "time" : {
            "start" : 1594631353961,
            "stop" : 1594631354107,
            "duration" : 146
          },
          "flaky" : false,
          "newFailed" : false,
          "parameters" : [ ]
        }, {
          "name" : "手机号码查询",
          "uid" : "c6356ff19f00b260",
          "parentUid" : "47973872e5d4bc65b4a654812b71bf35",
          "status" : "broken",
          "time" : {
            "start" : 1594631354184,
            "stop" : 1594631354328,
            "duration" : 144
          },
          "flaky" : false,
          "newFailed" : false,
          "parameters" : [ ]
        }, {
          "name" : "银行名称查询",
          "uid" : "8b91be4f57146d03",
          "parentUid" : "47973872e5d4bc65b4a654812b71bf35",
          "status" : "broken",
          "time" : {
            "start" : 1594631354388,
            "stop" : 1594631354561,
            "duration" : 173
          },
          "flaky" : false,
          "newFailed" : false,
          "parameters" : [ ]
        }, {
          "name" : "银行卡号查询",
          "uid" : "e7ca939847dd4fc8",
          "parentUid" : "47973872e5d4bc65b4a654812b71bf35",
          "status" : "broken",
          "time" : {
            "start" : 1594631354641,
            "stop" : 1594631354878,
            "duration" : 237
          },
          "flaky" : false,
          "newFailed" : false,
          "parameters" : [ ]
        }, {
          "name" : "审核状态查询",
          "uid" : "410401a26eeb80b1",
          "parentUid" : "47973872e5d4bc65b4a654812b71bf35",
          "status" : "broken",
          "time" : {
            "start" : 1594631354936,
            "stop" : 1594631355347,
            "duration" : 411
          },
          "flaky" : false,
          "newFailed" : false,
          "parameters" : [ "2" ]
        }, {
          "name" : "审核状态查询",
          "uid" : "9ac7d8de48343932",
          "parentUid" : "47973872e5d4bc65b4a654812b71bf35",
          "status" : "broken",
          "time" : {
            "start" : 1594631355409,
            "stop" : 1594631356217,
            "duration" : 808
          },
          "flaky" : false,
          "newFailed" : false,
          "parameters" : [ "3" ]
        }, {
          "name" : "审核状态查询",
          "uid" : "46a5502262c31ae6",
          "parentUid" : "47973872e5d4bc65b4a654812b71bf35",
          "status" : "broken",
          "time" : {
            "start" : 1594631356303,
            "stop" : 1594631357196,
            "duration" : 893
          },
          "flaky" : false,
          "newFailed" : false,
          "parameters" : [ "1" ]
        }, {
          "name" : "上传日期查询",
          "uid" : "403edf1aaf5bccba",
          "parentUid" : "47973872e5d4bc65b4a654812b71bf35",
          "status" : "broken",
          "time" : {
            "start" : 1594631357270,
            "stop" : 1594631357956,
            "duration" : 686
          },
          "flaky" : false,
          "newFailed" : false,
          "parameters" : [ "'2020-07-13'", "None" ]
        }, {
          "name" : "上传日期查询",
          "uid" : "38ac2d8ed69eb17d",
          "parentUid" : "47973872e5d4bc65b4a654812b71bf35",
          "status" : "broken",
          "time" : {
            "start" : 1594631358023,
            "stop" : 1594631358335,
            "duration" : 312
          },
          "flaky" : false,
          "newFailed" : false,
          "parameters" : [ "None", "'2020-07-13'" ]
        }, {
          "name" : "上传日期查询",
          "uid" : "add06d32c020a0ed",
          "parentUid" : "47973872e5d4bc65b4a654812b71bf35",
          "status" : "broken",
          "time" : {
            "start" : 1594631358416,
            "stop" : 1594631358726,
            "duration" : 310
          },
          "flaky" : false,
          "newFailed" : false,
          "parameters" : [ "'2020-07-13'", "'2020-07-13'" ]
        }, {
          "name" : "组合查询",
          "uid" : "41762ad27a458bd5",
          "parentUid" : "47973872e5d4bc65b4a654812b71bf35",
          "status" : "broken",
          "time" : {
            "start" : 1594631358789,
            "stop" : 1594631358929,
            "duration" : 140
          },
          "flaky" : false,
          "newFailed" : false,
          "parameters" : [ ]
        }, {
          "name" : "刷新待审核状态的银行卡",
          "uid" : "112db0643bd90b76",
          "parentUid" : "47973872e5d4bc65b4a654812b71bf35",
          "status" : "broken",
          "time" : {
            "start" : 1594631359008,
            "stop" : 1594631359375,
            "duration" : 367
          },
          "flaky" : false,
          "newFailed" : false,
          "parameters" : [ ]
        }, {
          "name" : "待审核状态银行卡手动审核成功",
          "uid" : "625e0365e72199c5",
          "parentUid" : "47973872e5d4bc65b4a654812b71bf35",
          "status" : "broken",
          "time" : {
            "start" : 1594631359458,
            "stop" : 1594631359804,
            "duration" : 346
          },
          "flaky" : false,
          "newFailed" : false,
          "parameters" : [ ]
        }, {
          "name" : "待审核状态银行卡手动审核不通过",
          "uid" : "a5569846f5446d41",
          "parentUid" : "47973872e5d4bc65b4a654812b71bf35",
          "status" : "broken",
          "time" : {
            "start" : 1594631359868,
            "stop" : 1594631360486,
            "duration" : 618
          },
          "flaky" : false,
          "newFailed" : false,
          "parameters" : [ ]
        }, {
          "name" : "会员已有审核通过银行卡再次上传新的银行卡审核通过",
          "uid" : "356f681f189afcae",
          "parentUid" : "47973872e5d4bc65b4a654812b71bf35",
          "status" : "broken",
          "time" : {
            "start" : 1594631360570,
            "stop" : 1594631360916,
            "duration" : 346
          },
          "flaky" : false,
          "newFailed" : false,
          "parameters" : [ ]
        }, {
          "name" : "会员在其他ec下存在审核通过的银行卡，审核通过会员的银行卡",
          "uid" : "91722b16f6cfe764",
          "parentUid" : "47973872e5d4bc65b4a654812b71bf35",
          "status" : "broken",
          "time" : {
            "start" : 1594631360982,
            "stop" : 1594631361323,
            "duration" : 341
          },
          "flaky" : false,
          "newFailed" : false,
          "parameters" : [ ]
        }, {
          "name" : "会员已有审核通过的银行卡再次审核通过相同银行卡号的银行卡",
          "uid" : "eb9b038914fe46a7",
          "parentUid" : "47973872e5d4bc65b4a654812b71bf35",
          "status" : "broken",
          "time" : {
            "start" : 1594631361447,
            "stop" : 1594631361800,
            "duration" : 353
          },
          "flaky" : false,
          "newFailed" : false,
          "parameters" : [ ]
        }, {
          "name" : "修改审核通过会员银行卡号",
          "uid" : "b9a49bac55cea150",
          "parentUid" : "47973872e5d4bc65b4a654812b71bf35",
          "status" : "broken",
          "time" : {
            "start" : 1594631361984,
            "stop" : 1594631362349,
            "duration" : 365
          },
          "flaky" : false,
          "newFailed" : false,
          "parameters" : [ ]
        } ],
        "uid" : "47973872e5d4bc65b4a654812b71bf35"
      } ],
      "uid" : "46cb5cfdcd78398e57d9a160c9eced58"
    }, {
      "name" : "test_idcard_infomange",
      "children" : [ {
        "name" : "Testidcardinfo",
        "children" : [ {
          "name" : "待审核状态身份证信息记录检查",
          "uid" : "3a518b825b808052",
          "parentUid" : "1199dc6734d3a91bfdefd1314c725c0f",
          "status" : "broken",
          "time" : {
            "start" : 1594631362529,
            "stop" : 1594631363009,
            "duration" : 480
          },
          "flaky" : false,
          "newFailed" : false,
          "parameters" : [ ]
        }, {
          "name" : "审核通过状态身份证信息记录检查",
          "uid" : "26cf1ceee0fe48ec",
          "parentUid" : "1199dc6734d3a91bfdefd1314c725c0f",
          "status" : "broken",
          "time" : {
            "start" : 1594631363081,
            "stop" : 1594631363449,
            "duration" : 368
          },
          "flaky" : false,
          "newFailed" : false,
          "parameters" : [ ]
        }, {
          "name" : "审核不通过状态身份证信息记录检查",
          "uid" : "6968d30c1f86a6e2",
          "parentUid" : "1199dc6734d3a91bfdefd1314c725c0f",
          "status" : "broken",
          "time" : {
            "start" : 1594631363490,
            "stop" : 1594631363841,
            "duration" : 351
          },
          "flaky" : false,
          "newFailed" : false,
          "parameters" : [ ]
        }, {
          "name" : "统计信息数据检查",
          "uid" : "aa58094ace037774",
          "parentUid" : "1199dc6734d3a91bfdefd1314c725c0f",
          "status" : "broken",
          "time" : {
            "start" : 1594631363880,
            "stop" : 1594631364009,
            "duration" : 129
          },
          "flaky" : false,
          "newFailed" : false,
          "parameters" : [ ]
        }, {
          "name" : "身份证信息列表查看未脱敏手机号和未脱敏身份证号码",
          "uid" : "b9d6111537e2a002",
          "parentUid" : "1199dc6734d3a91bfdefd1314c725c0f",
          "status" : "broken",
          "time" : {
            "start" : 1594631364045,
            "stop" : 1594631364185,
            "duration" : 140
          },
          "flaky" : false,
          "newFailed" : false,
          "parameters" : [ ]
        }, {
          "name" : "默认查询项查询",
          "uid" : "bde9a0964dc1d2b3",
          "parentUid" : "1199dc6734d3a91bfdefd1314c725c0f",
          "status" : "broken",
          "time" : {
            "start" : 1594631364244,
            "stop" : 1594631364381,
            "duration" : 137
          },
          "flaky" : false,
          "newFailed" : false,
          "parameters" : [ ]
        }, {
          "name" : "身份证号码查询",
          "uid" : "40eef6243d8296fa",
          "parentUid" : "1199dc6734d3a91bfdefd1314c725c0f",
          "status" : "broken",
          "time" : {
            "start" : 1594631364419,
            "stop" : 1594631364572,
            "duration" : 153
          },
          "flaky" : false,
          "newFailed" : false,
          "parameters" : [ ]
        }, {
          "name" : "姓名查询",
          "uid" : "c57d706ebdc5f47a",
          "parentUid" : "1199dc6734d3a91bfdefd1314c725c0f",
          "status" : "broken",
          "time" : {
            "start" : 1594631364611,
            "stop" : 1594631364752,
            "duration" : 141
          },
          "flaky" : false,
          "newFailed" : false,
          "parameters" : [ ]
        }, {
          "name" : "手机号码查询",
          "uid" : "1a68dc6a8894b9cb",
          "parentUid" : "1199dc6734d3a91bfdefd1314c725c0f",
          "status" : "broken",
          "time" : {
            "start" : 1594631364792,
            "stop" : 1594631364917,
            "duration" : 125
          },
          "flaky" : false,
          "newFailed" : false,
          "parameters" : [ ]
        }, {
          "name" : "审核状态查询",
          "uid" : "e3a6e3c1c6a22e58",
          "parentUid" : "1199dc6734d3a91bfdefd1314c725c0f",
          "status" : "broken",
          "time" : {
            "start" : 1594631364958,
            "stop" : 1594631365103,
            "duration" : 145
          },
          "flaky" : false,
          "newFailed" : false,
          "parameters" : [ "2" ]
        }, {
          "name" : "审核状态查询",
          "uid" : "a9a92eb1a251eef5",
          "parentUid" : "1199dc6734d3a91bfdefd1314c725c0f",
          "status" : "broken",
          "time" : {
            "start" : 1594631365164,
            "stop" : 1594631365303,
            "duration" : 139
          },
          "flaky" : false,
          "newFailed" : false,
          "parameters" : [ "3" ]
        }, {
          "name" : "审核状态查询",
          "uid" : "ff1be187476801da",
          "parentUid" : "1199dc6734d3a91bfdefd1314c725c0f",
          "status" : "broken",
          "time" : {
            "start" : 1594631365341,
            "stop" : 1594631365562,
            "duration" : 221
          },
          "flaky" : false,
          "newFailed" : false,
          "parameters" : [ "1" ]
        }, {
          "name" : "上传日期查询",
          "uid" : "f7ca06ceba517433",
          "parentUid" : "1199dc6734d3a91bfdefd1314c725c0f",
          "status" : "broken",
          "time" : {
            "start" : 1594631365601,
            "stop" : 1594631365728,
            "duration" : 127
          },
          "flaky" : false,
          "newFailed" : false,
          "parameters" : [ "'2020-07-13'", "None" ]
        }, {
          "name" : "上传日期查询",
          "uid" : "28cdca75b22e5801",
          "parentUid" : "1199dc6734d3a91bfdefd1314c725c0f",
          "status" : "broken",
          "time" : {
            "start" : 1594631365768,
            "stop" : 1594631365894,
            "duration" : 126
          },
          "flaky" : false,
          "newFailed" : false,
          "parameters" : [ "None", "'2020-07-13'" ]
        }, {
          "name" : "上传日期查询",
          "uid" : "80e71afe0d30f162",
          "parentUid" : "1199dc6734d3a91bfdefd1314c725c0f",
          "status" : "broken",
          "time" : {
            "start" : 1594631365955,
            "stop" : 1594631366080,
            "duration" : 125
          },
          "flaky" : false,
          "newFailed" : false,
          "parameters" : [ "'2020-07-13'", "'2020-07-13'" ]
        }, {
          "name" : "组合查询",
          "uid" : "59119c85a8f8f413",
          "parentUid" : "1199dc6734d3a91bfdefd1314c725c0f",
          "status" : "broken",
          "time" : {
            "start" : 1594631366123,
            "stop" : 1594631366269,
            "duration" : 146
          },
          "flaky" : false,
          "newFailed" : false,
          "parameters" : [ ]
        }, {
          "name" : "刷新待审核状态的身份证",
          "uid" : "2c21f59459955314",
          "parentUid" : "1199dc6734d3a91bfdefd1314c725c0f",
          "status" : "broken",
          "time" : {
            "start" : 1594631366307,
            "stop" : 1594631366627,
            "duration" : 320
          },
          "flaky" : false,
          "newFailed" : false,
          "parameters" : [ ]
        }, {
          "name" : "手动审核身份证成功",
          "uid" : "e42b1f45ee0a8293",
          "parentUid" : "1199dc6734d3a91bfdefd1314c725c0f",
          "status" : "broken",
          "time" : {
            "start" : 1594631366671,
            "stop" : 1594631367007,
            "duration" : 336
          },
          "flaky" : false,
          "newFailed" : false,
          "parameters" : [ ]
        }, {
          "name" : "待审核状态身份证手动审核不通过",
          "uid" : "a86260201d65ec8d",
          "parentUid" : "1199dc6734d3a91bfdefd1314c725c0f",
          "status" : "broken",
          "time" : {
            "start" : 1594631367064,
            "stop" : 1594631367408,
            "duration" : 344
          },
          "flaky" : false,
          "newFailed" : false,
          "parameters" : [ ]
        }, {
          "name" : "填写已存在的身份证号码审核通过",
          "uid" : "3f357e02a873af67",
          "parentUid" : "1199dc6734d3a91bfdefd1314c725c0f",
          "status" : "broken",
          "time" : {
            "start" : 1594631367459,
            "stop" : 1594631367788,
            "duration" : 329
          },
          "flaky" : false,
          "newFailed" : false,
          "parameters" : [ ]
        }, {
          "name" : "身份证最后一位为小写“x”，身份证审核通过",
          "uid" : "75ea97b3b4f8ad2c",
          "parentUid" : "1199dc6734d3a91bfdefd1314c725c0f",
          "status" : "broken",
          "time" : {
            "start" : 1594631367839,
            "stop" : 1594631368165,
            "duration" : 326
          },
          "flaky" : false,
          "newFailed" : false,
          "parameters" : [ ]
        }, {
          "name" : "会员已有结算名单，审核身份证成功",
          "uid" : "23d5d07fde3eae19",
          "parentUid" : "1199dc6734d3a91bfdefd1314c725c0f",
          "status" : "broken",
          "time" : {
            "start" : 1594631368224,
            "stop" : 1594631368547,
            "duration" : 323
          },
          "flaky" : false,
          "newFailed" : false,
          "parameters" : [ ]
        }, {
          "name" : "会员已有多条结算名单，审核身份证成功",
          "uid" : "75c0e70124651bb8",
          "parentUid" : "1199dc6734d3a91bfdefd1314c725c0f",
          "status" : "broken",
          "time" : {
            "start" : 1594631368615,
            "stop" : 1594631368950,
            "duration" : 335
          },
          "flaky" : false,
          "newFailed" : false,
          "parameters" : [ ]
        }, {
          "name" : "会员已有打卡记录，审核身份证成功",
          "uid" : "f51f174ac1279328",
          "parentUid" : "1199dc6734d3a91bfdefd1314c725c0f",
          "status" : "broken",
          "time" : {
            "start" : 1594631368994,
            "stop" : 1594631369336,
            "duration" : 342
          },
          "flaky" : false,
          "newFailed" : false,
          "parameters" : [ ]
        }, {
          "name" : "会员已有小程序补卡记录，审核身份证成功",
          "uid" : "9ee1c1dfa357cb7d",
          "parentUid" : "1199dc6734d3a91bfdefd1314c725c0f",
          "status" : "broken",
          "time" : {
            "start" : 1594631369379,
            "stop" : 1594631369717,
            "duration" : 338
          },
          "flaky" : false,
          "newFailed" : false,
          "parameters" : [ ]
        }, {
          "name" : "会员已上传工牌，审核身份证成功",
          "uid" : "5a9b338a7b4af00d",
          "parentUid" : "1199dc6734d3a91bfdefd1314c725c0f",
          "status" : "broken",
          "time" : {
            "start" : 1594631369763,
            "stop" : 1594631370089,
            "duration" : 326
          },
          "flaky" : false,
          "newFailed" : false,
          "parameters" : [ ]
        } ],
        "uid" : "1199dc6734d3a91bfdefd1314c725c0f"
      } ],
      "uid" : "611196791da8be2a348374bd1d2f0136"
    }, {
      "name" : "test_name_list",
      "children" : [ {
        "name" : "TestNameList",
        "children" : [ {
          "name" : "手动录入-不填选填信息",
          "uid" : "901b0ca4966e3c27",
          "parentUid" : "76d6905a5737e67e5ce3f6fbbba71aef",
          "status" : "passed",
          "time" : {
            "start" : 1594631370289,
            "stop" : 1594631370874,
            "duration" : 585
          },
          "flaky" : false,
          "newFailed" : false,
          "parameters" : [ ]
        }, {
          "name" : "手动录入-带所有选填项信息",
          "uid" : "a42312431c9ceb92",
          "parentUid" : "76d6905a5737e67e5ce3f6fbbba71aef",
          "status" : "passed",
          "time" : {
            "start" : 1594631370995,
            "stop" : 1594631371685,
            "duration" : 690
          },
          "flaky" : false,
          "newFailed" : false,
          "parameters" : [ ]
        }, {
          "name" : "手动录入-不同面试状态录入：面试状态为0",
          "uid" : "39f9e876c54f5c0",
          "parentUid" : "76d6905a5737e67e5ce3f6fbbba71aef",
          "status" : "passed",
          "time" : {
            "start" : 1594631371808,
            "stop" : 1594631372133,
            "duration" : 325
          },
          "flaky" : false,
          "newFailed" : false,
          "parameters" : [ "0" ]
        }, {
          "name" : "手动录入-不同面试状态录入：面试状态为1",
          "uid" : "f7e08594ee0bc9fe",
          "parentUid" : "76d6905a5737e67e5ce3f6fbbba71aef",
          "status" : "passed",
          "time" : {
            "start" : 1594631372259,
            "stop" : 1594631372608,
            "duration" : 349
          },
          "flaky" : false,
          "newFailed" : false,
          "parameters" : [ "1" ]
        }, {
          "name" : "手动录入-不同面试状态录入：面试状态为2",
          "uid" : "61a8d52a9f8cade2",
          "parentUid" : "76d6905a5737e67e5ce3f6fbbba71aef",
          "status" : "passed",
          "time" : {
            "start" : 1594631372741,
            "stop" : 1594631373084,
            "duration" : 343
          },
          "flaky" : false,
          "newFailed" : false,
          "parameters" : [ "2" ]
        }, {
          "name" : "手动录入-不同面试状态录入：面试状态为3",
          "uid" : "a24a690e398f50e3",
          "parentUid" : "76d6905a5737e67e5ce3f6fbbba71aef",
          "status" : "passed",
          "time" : {
            "start" : 1594631373207,
            "stop" : 1594631373554,
            "duration" : 347
          },
          "flaky" : false,
          "newFailed" : false,
          "parameters" : [ "3" ]
        }, {
          "name" : "手动录入-不同面试状态录入：面试状态为4",
          "uid" : "dceec16b6d17b72c",
          "parentUid" : "76d6905a5737e67e5ce3f6fbbba71aef",
          "status" : "passed",
          "time" : {
            "start" : 1594631373674,
            "stop" : 1594631374016,
            "duration" : 342
          },
          "flaky" : false,
          "newFailed" : false,
          "parameters" : [ "4" ]
        }, {
          "name" : "手动录入-不同性别录入:性别为1",
          "uid" : "b13db28e7a8c90c6",
          "parentUid" : "76d6905a5737e67e5ce3f6fbbba71aef",
          "status" : "passed",
          "time" : {
            "start" : 1594631374141,
            "stop" : 1594631374477,
            "duration" : 336
          },
          "flaky" : false,
          "newFailed" : false,
          "parameters" : [ "1" ]
        }, {
          "name" : "手动录入-不同性别录入:性别为2",
          "uid" : "4a427453b0a89639",
          "parentUid" : "76d6905a5737e67e5ce3f6fbbba71aef",
          "status" : "passed",
          "time" : {
            "start" : 1594631374606,
            "stop" : 1594631374961,
            "duration" : 355
          },
          "flaky" : false,
          "newFailed" : false,
          "parameters" : [ "2" ]
        }, {
          "name" : "手工录入-关闭企业",
          "uid" : "f716c984ee743310",
          "parentUid" : "76d6905a5737e67e5ce3f6fbbba71aef",
          "status" : "passed",
          "time" : {
            "start" : 1594631375113,
            "stop" : 1594631375699,
            "duration" : 586
          },
          "flaky" : false,
          "newFailed" : false,
          "parameters" : [ ]
        }, {
          "name" : "手工录入-关闭标准企业",
          "uid" : "bd6b17b503600704",
          "parentUid" : "76d6905a5737e67e5ce3f6fbbba71aef",
          "status" : "passed",
          "time" : {
            "start" : 1594631375781,
            "stop" : 1594631376465,
            "duration" : 684
          },
          "flaky" : false,
          "newFailed" : false,
          "parameters" : [ ]
        }, {
          "name" : "名单设置来源",
          "uid" : "4a4950dd6bc157f2",
          "parentUid" : "76d6905a5737e67e5ce3f6fbbba71aef",
          "status" : "passed",
          "time" : {
            "start" : 1594631376612,
            "stop" : 1594631377033,
            "duration" : 421
          },
          "flaky" : false,
          "newFailed" : false,
          "parameters" : [ ]
        }, {
          "name" : "名单设置来源",
          "uid" : "46cede63c9e51c46",
          "parentUid" : "76d6905a5737e67e5ce3f6fbbba71aef",
          "status" : "passed",
          "time" : {
            "start" : 1594631377451,
            "stop" : 1594631377652,
            "duration" : 201
          },
          "flaky" : false,
          "newFailed" : false,
          "parameters" : [ ]
        }, {
          "name" : "名单设置面试状态",
          "uid" : "366f69b5086b4c7",
          "parentUid" : "76d6905a5737e67e5ce3f6fbbba71aef",
          "status" : "passed",
          "time" : {
            "start" : 1594631378061,
            "stop" : 1594631378221,
            "duration" : 160
          },
          "flaky" : false,
          "newFailed" : false,
          "parameters" : [ "None", "0", "None" ]
        }, {
          "name" : "名单设置面试状态",
          "uid" : "3314c0d0bbfda38a",
          "parentUid" : "76d6905a5737e67e5ce3f6fbbba71aef",
          "status" : "passed",
          "time" : {
            "start" : 1594631378643,
            "stop" : 1594631378841,
            "duration" : 198
          },
          "flaky" : false,
          "newFailed" : false,
          "parameters" : [ "None", "1", "None" ]
        }, {
          "name" : "名单设置面试状态",
          "uid" : "a07247df5cbcbd5b",
          "parentUid" : "76d6905a5737e67e5ce3f6fbbba71aef",
          "status" : "passed",
          "time" : {
            "start" : 1594631379267,
            "stop" : 1594631379445,
            "duration" : 178
          },
          "flaky" : false,
          "newFailed" : false,
          "parameters" : [ "None", "2", "None" ]
        }, {
          "name" : "名单设置面试状态",
          "uid" : "83030368dad75221",
          "parentUid" : "76d6905a5737e67e5ce3f6fbbba71aef",
          "status" : "passed",
          "time" : {
            "start" : 1594631379857,
            "stop" : 1594631380006,
            "duration" : 149
          },
          "flaky" : false,
          "newFailed" : false,
          "parameters" : [ "None", "3", "3" ]
        }, {
          "name" : "名单设置面试状态",
          "uid" : "f2fd7a4a189c5d80",
          "parentUid" : "76d6905a5737e67e5ce3f6fbbba71aef",
          "status" : "passed",
          "time" : {
            "start" : 1594631380437,
            "stop" : 1594631380596,
            "duration" : 159
          },
          "flaky" : false,
          "newFailed" : false,
          "parameters" : [ "'test'", "3", "0" ]
        }, {
          "name" : "名单设置面试状态",
          "uid" : "61b63e1378beb26e",
          "parentUid" : "76d6905a5737e67e5ce3f6fbbba71aef",
          "status" : "passed",
          "time" : {
            "start" : 1594631381024,
            "stop" : 1594631381194,
            "duration" : 170
          },
          "flaky" : false,
          "newFailed" : false,
          "parameters" : [ "None", "4", "3" ]
        }, {
          "name" : "名单修改备注",
          "uid" : "ea80d1fcac103449",
          "parentUid" : "76d6905a5737e67e5ce3f6fbbba71aef",
          "status" : "passed",
          "time" : {
            "start" : 1594631381589,
            "stop" : 1594631381864,
            "duration" : 275
          },
          "flaky" : false,
          "newFailed" : false,
          "parameters" : [ ]
        }, {
          "name" : "查看列表不脱敏信息",
          "uid" : "aaf091379eae0f88",
          "parentUid" : "76d6905a5737e67e5ce3f6fbbba71aef",
          "status" : "passed",
          "time" : {
            "start" : 1594631382297,
            "stop" : 1594631382664,
            "duration" : 367
          },
          "flaky" : false,
          "newFailed" : false,
          "parameters" : [ ]
        }, {
          "name" : "检查扫描记录",
          "uid" : "e4771471519952c9",
          "parentUid" : "76d6905a5737e67e5ce3f6fbbba71aef",
          "status" : "broken",
          "time" : {
            "start" : 1594631383051,
            "stop" : 1594631383218,
            "duration" : 167
          },
          "flaky" : false,
          "newFailed" : false,
          "parameters" : [ ]
        }, {
          "name" : "检查名单绑订单",
          "uid" : "a2fc8ec96444fad5",
          "parentUid" : "76d6905a5737e67e5ce3f6fbbba71aef",
          "status" : "passed",
          "time" : {
            "start" : 1594631383407,
            "stop" : 1594631384713,
            "duration" : 1306
          },
          "flaky" : false,
          "newFailed" : false,
          "parameters" : [ ]
        }, {
          "name" : "名单没有来源绑定订单",
          "uid" : "b8310391ad6139f7",
          "parentUid" : "76d6905a5737e67e5ce3f6fbbba71aef",
          "status" : "passed",
          "time" : {
            "start" : 1594631384843,
            "stop" : 1594631385506,
            "duration" : 663
          },
          "flaky" : false,
          "newFailed" : false,
          "parameters" : [ ]
        }, {
          "name" : "名单和订单企业不一致",
          "uid" : "9b83fe0f42ca147a",
          "parentUid" : "76d6905a5737e67e5ce3f6fbbba71aef",
          "status" : "failed",
          "time" : {
            "start" : 1594631385639,
            "stop" : 1594631386601,
            "duration" : 962
          },
          "flaky" : false,
          "newFailed" : false,
          "parameters" : [ ]
        }, {
          "name" : "补录及修改手机号码",
          "uid" : "9e6e22344d0ecc0b",
          "parentUid" : "76d6905a5737e67e5ce3f6fbbba71aef",
          "status" : "passed",
          "time" : {
            "start" : 1594631386684,
            "stop" : 1594631387202,
            "duration" : 518
          },
          "flaky" : false,
          "newFailed" : false,
          "parameters" : [ ]
        }, {
          "name" : "使用面试日期查询",
          "uid" : "9987299df264f83",
          "parentUid" : "76d6905a5737e67e5ce3f6fbbba71aef",
          "status" : "passed",
          "time" : {
            "start" : 1594631387211,
            "stop" : 1594631389775,
            "duration" : 2564
          },
          "flaky" : false,
          "newFailed" : false,
          "parameters" : [ ]
        }, {
          "name" : "使用标准企业查询",
          "uid" : "70e0cc6d2709a153",
          "parentUid" : "76d6905a5737e67e5ce3f6fbbba71aef",
          "status" : "passed",
          "time" : {
            "start" : 1594631389839,
            "stop" : 1594631393387,
            "duration" : 3548
          },
          "flaky" : false,
          "newFailed" : false,
          "parameters" : [ ]
        }, {
          "name" : "使用企业查询",
          "uid" : "9176dae951781886",
          "parentUid" : "76d6905a5737e67e5ce3f6fbbba71aef",
          "status" : "passed",
          "time" : {
            "start" : 1594631393492,
            "stop" : 1594631399089,
            "duration" : 5597
          },
          "flaky" : false,
          "newFailed" : false,
          "parameters" : [ ]
        }, {
          "name" : "使用谁送给我查询",
          "uid" : "6a6120250d16f268",
          "parentUid" : "76d6905a5737e67e5ce3f6fbbba71aef",
          "status" : "passed",
          "time" : {
            "start" : 1594631399335,
            "stop" : 1594631403219,
            "duration" : 3884
          },
          "flaky" : false,
          "newFailed" : false,
          "parameters" : [ ]
        }, {
          "name" : "使用姓名查询",
          "uid" : "57bf7d6f418d9288",
          "parentUid" : "76d6905a5737e67e5ce3f6fbbba71aef",
          "status" : "passed",
          "time" : {
            "start" : 1594631403945,
            "stop" : 1594631404359,
            "duration" : 414
          },
          "flaky" : false,
          "newFailed" : false,
          "parameters" : [ ]
        }, {
          "name" : "使用身份证号查询",
          "uid" : "5b945a80c78e66f1",
          "parentUid" : "76d6905a5737e67e5ce3f6fbbba71aef",
          "status" : "passed",
          "time" : {
            "start" : 1594631404969,
            "stop" : 1594631405469,
            "duration" : 500
          },
          "flaky" : false,
          "newFailed" : false,
          "parameters" : [ ]
        }, {
          "name" : "使用手机号码查询",
          "uid" : "c5f082e7351fec7a",
          "parentUid" : "76d6905a5737e67e5ce3f6fbbba71aef",
          "status" : "passed",
          "time" : {
            "start" : 1594631406195,
            "stop" : 1594631406610,
            "duration" : 415
          },
          "flaky" : false,
          "newFailed" : false,
          "parameters" : [ ]
        }, {
          "name" : "使用扫描人查询",
          "uid" : "5e3a92f773c83e54",
          "parentUid" : "76d6905a5737e67e5ce3f6fbbba71aef",
          "status" : "passed",
          "time" : {
            "start" : 1594631407050,
            "stop" : 1594631410196,
            "duration" : 3146
          },
          "flaky" : false,
          "newFailed" : false,
          "parameters" : [ ]
        }, {
          "name" : "使用设置检查查询",
          "uid" : "340729168366bd77",
          "parentUid" : "76d6905a5737e67e5ce3f6fbbba71aef",
          "status" : "passed",
          "time" : {
            "start" : 1594631410206,
            "stop" : 1594631413631,
            "duration" : 3425
          },
          "flaky" : false,
          "newFailed" : false,
          "parameters" : [ ]
        }, {
          "name" : "使用性别查询",
          "uid" : "a9714dcd0d2e9e74",
          "parentUid" : "76d6905a5737e67e5ce3f6fbbba71aef",
          "status" : "passed",
          "time" : {
            "start" : 1594631413639,
            "stop" : 1594631416906,
            "duration" : 3267
          },
          "flaky" : false,
          "newFailed" : false,
          "parameters" : [ "1" ]
        }, {
          "name" : "使用性别查询",
          "uid" : "63c006d6e6791287",
          "parentUid" : "76d6905a5737e67e5ce3f6fbbba71aef",
          "status" : "passed",
          "time" : {
            "start" : 1594631416916,
            "stop" : 1594631417138,
            "duration" : 222
          },
          "flaky" : false,
          "newFailed" : false,
          "parameters" : [ "2" ]
        }, {
          "name" : "使用面试状态查询",
          "uid" : "ad463c4bb1155aa6",
          "parentUid" : "76d6905a5737e67e5ce3f6fbbba71aef",
          "status" : "passed",
          "time" : {
            "start" : 1594631417147,
            "stop" : 1594631420110,
            "duration" : 2963
          },
          "flaky" : false,
          "newFailed" : false,
          "parameters" : [ "0" ]
        }, {
          "name" : "使用面试状态查询",
          "uid" : "d016133d6898257e",
          "parentUid" : "76d6905a5737e67e5ce3f6fbbba71aef",
          "status" : "passed",
          "time" : {
            "start" : 1594631420118,
            "stop" : 1594631420414,
            "duration" : 296
          },
          "flaky" : false,
          "newFailed" : false,
          "parameters" : [ "1" ]
        }, {
          "name" : "使用面试状态查询",
          "uid" : "bcdca582018fe3ef",
          "parentUid" : "76d6905a5737e67e5ce3f6fbbba71aef",
          "status" : "passed",
          "time" : {
            "start" : 1594631420423,
            "stop" : 1594631420638,
            "duration" : 215
          },
          "flaky" : false,
          "newFailed" : false,
          "parameters" : [ "2" ]
        }, {
          "name" : "使用面试状态查询",
          "uid" : "8574d05f75fdf189",
          "parentUid" : "76d6905a5737e67e5ce3f6fbbba71aef",
          "status" : "passed",
          "time" : {
            "start" : 1594631420646,
            "stop" : 1594631420981,
            "duration" : 335
          },
          "flaky" : false,
          "newFailed" : false,
          "parameters" : [ "3" ]
        }, {
          "name" : "使用面试状态查询",
          "uid" : "6171e52bd075929e",
          "parentUid" : "76d6905a5737e67e5ce3f6fbbba71aef",
          "status" : "passed",
          "time" : {
            "start" : 1594631420990,
            "stop" : 1594631421217,
            "duration" : 227
          },
          "flaky" : false,
          "newFailed" : false,
          "parameters" : [ "4" ]
        }, {
          "name" : "使用企业类型查询",
          "uid" : "3675289eb0dee38b",
          "parentUid" : "76d6905a5737e67e5ce3f6fbbba71aef",
          "status" : "passed",
          "time" : {
            "start" : 1594631421226,
            "stop" : 1594631424337,
            "duration" : 3111
          },
          "flaky" : false,
          "newFailed" : false,
          "parameters" : [ "2" ]
        }, {
          "name" : "使用企业类型查询",
          "uid" : "2a84068c8f44cd7a",
          "parentUid" : "76d6905a5737e67e5ce3f6fbbba71aef",
          "status" : "passed",
          "time" : {
            "start" : 1594631424345,
            "stop" : 1594631424505,
            "duration" : 160
          },
          "flaky" : false,
          "newFailed" : false,
          "parameters" : [ "0" ]
        }, {
          "name" : "使用订单编号查询",
          "uid" : "e13b8736946256f6",
          "parentUid" : "76d6905a5737e67e5ce3f6fbbba71aef",
          "status" : "failed",
          "time" : {
            "start" : 1594631426165,
            "stop" : 1594631426582,
            "duration" : 417
          },
          "flaky" : false,
          "newFailed" : false,
          "parameters" : [ ]
        }, {
          "name" : "使用订单绑定状态查询",
          "uid" : "dfd4c06f4276672f",
          "parentUid" : "76d6905a5737e67e5ce3f6fbbba71aef",
          "status" : "passed",
          "time" : {
            "start" : 1594631426609,
            "stop" : 1594631430121,
            "duration" : 3512
          },
          "flaky" : false,
          "newFailed" : false,
          "parameters" : [ ]
        }, {
          "name" : "批量设置来源",
          "uid" : "401656685015fba9",
          "parentUid" : "76d6905a5737e67e5ce3f6fbbba71aef",
          "status" : "passed",
          "time" : {
            "start" : 1594631458211,
            "stop" : 1594631461836,
            "duration" : 3625
          },
          "flaky" : false,
          "newFailed" : false,
          "parameters" : [ ]
        }, {
          "name" : "批量设置面试状态",
          "uid" : "d31b30634271cb5b",
          "parentUid" : "76d6905a5737e67e5ce3f6fbbba71aef",
          "status" : "passed",
          "time" : {
            "start" : 1594631461844,
            "stop" : 1594631462335,
            "duration" : 491
          },
          "flaky" : false,
          "newFailed" : false,
          "parameters" : [ "0" ]
        }, {
          "name" : "批量设置面试状态",
          "uid" : "e1b3a9efea5ec27e",
          "parentUid" : "76d6905a5737e67e5ce3f6fbbba71aef",
          "status" : "passed",
          "time" : {
            "start" : 1594631462344,
            "stop" : 1594631462850,
            "duration" : 506
          },
          "flaky" : false,
          "newFailed" : false,
          "parameters" : [ "1" ]
        }, {
          "name" : "批量设置面试状态",
          "uid" : "4c0d5654f5a84698",
          "parentUid" : "76d6905a5737e67e5ce3f6fbbba71aef",
          "status" : "passed",
          "time" : {
            "start" : 1594631462859,
            "stop" : 1594631463367,
            "duration" : 508
          },
          "flaky" : false,
          "newFailed" : false,
          "parameters" : [ "2" ]
        }, {
          "name" : "批量设置面试状态",
          "uid" : "a433192ee4b8755c",
          "parentUid" : "76d6905a5737e67e5ce3f6fbbba71aef",
          "status" : "passed",
          "time" : {
            "start" : 1594631463378,
            "stop" : 1594631463873,
            "duration" : 495
          },
          "flaky" : false,
          "newFailed" : false,
          "parameters" : [ "3" ]
        }, {
          "name" : "批量设置面试状态",
          "uid" : "238c76d7ba3a3b52",
          "parentUid" : "76d6905a5737e67e5ce3f6fbbba71aef",
          "status" : "passed",
          "time" : {
            "start" : 1594631463881,
            "stop" : 1594631464389,
            "duration" : 508
          },
          "flaky" : false,
          "newFailed" : false,
          "parameters" : [ "4" ]
        }, {
          "name" : "批量修改备注",
          "uid" : "a4767d2420a39ca",
          "parentUid" : "76d6905a5737e67e5ce3f6fbbba71aef",
          "status" : "passed",
          "time" : {
            "start" : 1594631464398,
            "stop" : 1594631465637,
            "duration" : 1239
          },
          "flaky" : false,
          "newFailed" : false,
          "parameters" : [ ]
        }, {
          "name" : "名单绑订单后重新录入-工种",
          "uid" : "acbfc7a01199159c",
          "parentUid" : "76d6905a5737e67e5ce3f6fbbba71aef",
          "status" : "passed",
          "time" : {
            "start" : 1594631465788,
            "stop" : 1594631467647,
            "duration" : 1859
          },
          "flaky" : false,
          "newFailed" : false,
          "parameters" : [ ]
        }, {
          "name" : "名单绑订单后重新录入-来源",
          "uid" : "eee8f83ddc2f200e",
          "parentUid" : "76d6905a5737e67e5ce3f6fbbba71aef",
          "status" : "passed",
          "time" : {
            "start" : 1594631467734,
            "stop" : 1594631468967,
            "duration" : 1233
          },
          "flaky" : false,
          "newFailed" : false,
          "parameters" : [ ]
        }, {
          "name" : "名单绑订单后修改来源",
          "uid" : "3ca60f87ba3dfb2b",
          "parentUid" : "76d6905a5737e67e5ce3f6fbbba71aef",
          "status" : "passed",
          "time" : {
            "start" : 1594631469035,
            "stop" : 1594631469999,
            "duration" : 964
          },
          "flaky" : false,
          "newFailed" : false,
          "parameters" : [ ]
        } ],
        "uid" : "76d6905a5737e67e5ce3f6fbbba71aef"
      } ],
      "uid" : "55e4fad2b380f85b835b2b53e7049c58"
    }, {
      "name" : "test_settle_namelist",
      "children" : [ {
        "name" : "TestSettleNameList",
        "children" : [ {
          "name" : "生成预支名单1",
          "uid" : "8e30f47509739ffa",
          "parentUid" : "062fbd56db0365da221cd3598105f947",
          "status" : "passed",
          "time" : {
            "start" : 1594631470458,
            "stop" : 1594631503281,
            "duration" : 32823
          },
          "flaky" : false,
          "newFailed" : false,
          "parameters" : [ ]
        }, {
          "name" : "生成预支名单2",
          "uid" : "63da47f2d9fac5c2",
          "parentUid" : "062fbd56db0365da221cd3598105f947",
          "status" : "passed",
          "time" : {
            "start" : 1594631503572,
            "stop" : 1594631536972,
            "duration" : 33400
          },
          "flaky" : false,
          "newFailed" : false,
          "parameters" : [ ]
        }, {
          "name" : "生成预支名单3",
          "uid" : "9085d235858b3965",
          "parentUid" : "062fbd56db0365da221cd3598105f947",
          "status" : "failed",
          "time" : {
            "start" : 1594631537365,
            "stop" : 1594631569534,
            "duration" : 32169
          },
          "flaky" : false,
          "newFailed" : false,
          "parameters" : [ ]
        }, {
          "name" : "生成预支名单4",
          "uid" : "fcc24de81864098",
          "parentUid" : "062fbd56db0365da221cd3598105f947",
          "status" : "passed",
          "time" : {
            "start" : 1594631569980,
            "stop" : 1594631601980,
            "duration" : 32000
          },
          "flaky" : false,
          "newFailed" : false,
          "parameters" : [ ]
        }, {
          "name" : "生成预支名单5",
          "uid" : "21f49f87d79530eb",
          "parentUid" : "062fbd56db0365da221cd3598105f947",
          "status" : "failed",
          "time" : {
            "start" : 1594631602500,
            "stop" : 1594631635068,
            "duration" : 32568
          },
          "flaky" : false,
          "newFailed" : false,
          "parameters" : [ ]
        }, {
          "name" : "订单模式不同的预支名单",
          "uid" : "9e0d45d07e429643",
          "parentUid" : "062fbd56db0365da221cd3598105f947",
          "status" : "passed",
          "time" : {
            "start" : 1594631635568,
            "stop" : 1594631667037,
            "duration" : 31469
          },
          "flaky" : false,
          "newFailed" : false,
          "parameters" : [ "1" ]
        }, {
          "name" : "订单模式不同的预支名单",
          "uid" : "d511fc7456a72e55",
          "parentUid" : "062fbd56db0365da221cd3598105f947",
          "status" : "passed",
          "time" : {
            "start" : 1594631667516,
            "stop" : 1594631698886,
            "duration" : 31370
          },
          "flaky" : false,
          "newFailed" : false,
          "parameters" : [ "2" ]
        }, {
          "name" : "订单模式不同的预支名单",
          "uid" : "477274cb0c15578c",
          "parentUid" : "062fbd56db0365da221cd3598105f947",
          "status" : "passed",
          "time" : {
            "start" : 1594631699328,
            "stop" : 1594631730861,
            "duration" : 31533
          },
          "flaky" : false,
          "newFailed" : false,
          "parameters" : [ "3" ]
        }, {
          "name" : "订单模式不同的预支名单",
          "uid" : "9671b700c64e0114",
          "parentUid" : "062fbd56db0365da221cd3598105f947",
          "status" : "passed",
          "time" : {
            "start" : 1594631731374,
            "stop" : 1594631762887,
            "duration" : 31513
          },
          "flaky" : false,
          "newFailed" : false,
          "parameters" : [ "6" ]
        }, {
          "name" : "订单模式不同的预支名单",
          "uid" : "9dd92d07f68e7c12",
          "parentUid" : "062fbd56db0365da221cd3598105f947",
          "status" : "passed",
          "time" : {
            "start" : 1594631763365,
            "stop" : 1594631796396,
            "duration" : 33031
          },
          "flaky" : false,
          "newFailed" : false,
          "parameters" : [ ]
        }, {
          "name" : "名单未绑定订单，检查预支名单",
          "uid" : "22069c4239feab09",
          "parentUid" : "062fbd56db0365da221cd3598105f947",
          "status" : "passed",
          "time" : {
            "start" : 1594631796806,
            "stop" : 1594631827581,
            "duration" : 30775
          },
          "flaky" : false,
          "newFailed" : false,
          "parameters" : [ ]
        }, {
          "name" : "预支名单更换工种重新绑单",
          "uid" : "d70f66a26d629ed9",
          "parentUid" : "062fbd56db0365da221cd3598105f947",
          "status" : "passed",
          "time" : {
            "start" : 1594631829515,
            "stop" : 1594631891162,
            "duration" : 61647
          },
          "flaky" : false,
          "newFailed" : false,
          "parameters" : [ ]
        }, {
          "name" : "预支名单更换来源重新绑单",
          "uid" : "dcb0370bd91508d8",
          "parentUid" : "062fbd56db0365da221cd3598105f947",
          "status" : "passed",
          "time" : {
            "start" : 1594631892863,
            "stop" : 1594631954551,
            "duration" : 61688
          },
          "flaky" : false,
          "newFailed" : false,
          "parameters" : [ ]
        }, {
          "name" : "作废/恢复可预支名单",
          "uid" : "69c6ed202e6887a",
          "parentUid" : "062fbd56db0365da221cd3598105f947",
          "status" : "passed",
          "time" : {
            "start" : 1594632066496,
            "stop" : 1594632102088,
            "duration" : 35592
          },
          "flaky" : false,
          "newFailed" : false,
          "parameters" : [ ]
        }, {
          "name" : "身份证脱敏",
          "uid" : "7365682cc645c63d",
          "parentUid" : "062fbd56db0365da221cd3598105f947",
          "status" : "passed",
          "time" : {
            "start" : 1594632103371,
            "stop" : 1594632133624,
            "duration" : 30253
          },
          "flaky" : false,
          "newFailed" : false,
          "parameters" : [ ]
        }, {
          "name" : "在职状态",
          "uid" : "c757c74ef66278bf",
          "parentUid" : "062fbd56db0365da221cd3598105f947",
          "status" : "passed",
          "time" : {
            "start" : 1594632135491,
            "stop" : 1594632165735,
            "duration" : 30244
          },
          "flaky" : false,
          "newFailed" : false,
          "parameters" : [ ]
        }, {
          "name" : "在职状态-在职",
          "uid" : "442fbdaadc0fde13",
          "parentUid" : "062fbd56db0365da221cd3598105f947",
          "status" : "passed",
          "time" : {
            "start" : 1594632167194,
            "stop" : 1594632197799,
            "duration" : 30605
          },
          "flaky" : false,
          "newFailed" : false,
          "parameters" : [ ]
        }, {
          "name" : "在职状态-离职",
          "uid" : "b5246031e3ab1578",
          "parentUid" : "062fbd56db0365da221cd3598105f947",
          "status" : "passed",
          "time" : {
            "start" : 1594632199478,
            "stop" : 1594632230909,
            "duration" : 31431
          },
          "flaky" : false,
          "newFailed" : false,
          "parameters" : [ ]
        }, {
          "name" : "在职状态-转正",
          "uid" : "f89f8f37e0628376",
          "parentUid" : "062fbd56db0365da221cd3598105f947",
          "status" : "passed",
          "time" : {
            "start" : 1594632232569,
            "stop" : 1594632263513,
            "duration" : 30944
          },
          "flaky" : false,
          "newFailed" : false,
          "parameters" : [ ]
        }, {
          "name" : "在职状态-未处理",
          "uid" : "59836961661dd201",
          "parentUid" : "062fbd56db0365da221cd3598105f947",
          "status" : "passed",
          "time" : {
            "start" : 1594632265437,
            "stop" : 1594632296191,
            "duration" : 30754
          },
          "flaky" : false,
          "newFailed" : false,
          "parameters" : [ ]
        }, {
          "name" : "在职状态-自离",
          "uid" : "e0f71864782f1579",
          "parentUid" : "062fbd56db0365da221cd3598105f947",
          "status" : "passed",
          "time" : {
            "start" : 1594632297798,
            "stop" : 1594632329190,
            "duration" : 31392
          },
          "flaky" : false,
          "newFailed" : false,
          "parameters" : [ ]
        }, {
          "name" : "使用面试日期查询",
          "uid" : "2b25fb56e8cb3416",
          "parentUid" : "062fbd56db0365da221cd3598105f947",
          "status" : "passed",
          "time" : {
            "start" : 1594632329337,
            "stop" : 1594632332477,
            "duration" : 3140
          },
          "flaky" : false,
          "newFailed" : false,
          "parameters" : [ ]
        }, {
          "name" : "使用入职日期查询",
          "uid" : "671d624d52ac6818",
          "parentUid" : "062fbd56db0365da221cd3598105f947",
          "status" : "passed",
          "time" : {
            "start" : 1594632332603,
            "stop" : 1594632332863,
            "duration" : 260
          },
          "flaky" : false,
          "newFailed" : false,
          "parameters" : [ ]
        }, {
          "name" : "使用离职日期查询",
          "uid" : "36a3e0a4a2dd398c",
          "parentUid" : "062fbd56db0365da221cd3598105f947",
          "status" : "passed",
          "time" : {
            "start" : 1594632333022,
            "stop" : 1594632333326,
            "duration" : 304
          },
          "flaky" : false,
          "newFailed" : false,
          "parameters" : [ ]
        }, {
          "name" : "使用供应商查询",
          "uid" : "39410bf7e301d750",
          "parentUid" : "062fbd56db0365da221cd3598105f947",
          "status" : "passed",
          "time" : {
            "start" : 1594632333534,
            "stop" : 1594632339780,
            "duration" : 6246
          },
          "flaky" : false,
          "newFailed" : false,
          "parameters" : [ ]
        }, {
          "name" : "使用标准企业查询",
          "uid" : "a813a1e471b8ec90",
          "parentUid" : "062fbd56db0365da221cd3598105f947",
          "status" : "passed",
          "time" : {
            "start" : 1594632339986,
            "stop" : 1594632343572,
            "duration" : 3586
          },
          "flaky" : false,
          "newFailed" : false,
          "parameters" : [ ]
        }, {
          "name" : "使用企业查询",
          "uid" : "6371ddaf56ae299",
          "parentUid" : "062fbd56db0365da221cd3598105f947",
          "status" : "passed",
          "time" : {
            "start" : 1594632343980,
            "stop" : 1594632378331,
            "duration" : 34351
          },
          "flaky" : false,
          "newFailed" : false,
          "parameters" : [ "None", "0", "None" ]
        }, {
          "name" : "使用企业查询",
          "uid" : "f64808b79b2f4f37",
          "parentUid" : "062fbd56db0365da221cd3598105f947",
          "status" : "passed",
          "time" : {
            "start" : 1594632378696,
            "stop" : 1594632410125,
            "duration" : 31429
          },
          "flaky" : false,
          "newFailed" : false,
          "parameters" : [ "None", "1", "None" ]
        }, {
          "name" : "使用企业查询",
          "uid" : "af3714d416f92143",
          "parentUid" : "062fbd56db0365da221cd3598105f947",
          "status" : "passed",
          "time" : {
            "start" : 1594632410492,
            "stop" : 1594632441901,
            "duration" : 31409
          },
          "flaky" : false,
          "newFailed" : false,
          "parameters" : [ "None", "2", "None" ]
        }, {
          "name" : "使用企业查询",
          "uid" : "ad38afe7964edb47",
          "parentUid" : "062fbd56db0365da221cd3598105f947",
          "status" : "passed",
          "time" : {
            "start" : 1594632442284,
            "stop" : 1594632473819,
            "duration" : 31535
          },
          "flaky" : false,
          "newFailed" : false,
          "parameters" : [ "None", "3", "3" ]
        }, {
          "name" : "使用企业查询",
          "uid" : "b9e85d48436681f3",
          "parentUid" : "062fbd56db0365da221cd3598105f947",
          "status" : "passed",
          "time" : {
            "start" : 1594632474238,
            "stop" : 1594632505863,
            "duration" : 31625
          },
          "flaky" : false,
          "newFailed" : false,
          "parameters" : [ "'test'", "3", "0" ]
        }, {
          "name" : "使用企业查询",
          "uid" : "ced66be98bb4272c",
          "parentUid" : "062fbd56db0365da221cd3598105f947",
          "status" : "passed",
          "time" : {
            "start" : 1594632506286,
            "stop" : 1594632537828,
            "duration" : 31542
          },
          "flaky" : false,
          "newFailed" : false,
          "parameters" : [ "None", "4", "3" ]
        }, {
          "name" : "使用身份证号码查询",
          "uid" : "5bf105589ab30eb5",
          "parentUid" : "062fbd56db0365da221cd3598105f947",
          "status" : "passed",
          "time" : {
            "start" : 1594632538040,
            "stop" : 1594632538808,
            "duration" : 768
          },
          "flaky" : false,
          "newFailed" : false,
          "parameters" : [ ]
        }, {
          "name" : "使用姓名查询",
          "uid" : "31c80abdb90c1576",
          "parentUid" : "062fbd56db0365da221cd3598105f947",
          "status" : "passed",
          "time" : {
            "start" : 1594632538952,
            "stop" : 1594632539525,
            "duration" : 573
          },
          "flaky" : false,
          "newFailed" : false,
          "parameters" : [ ]
        }, {
          "name" : "使用在职状态查询",
          "uid" : "7a3d15907b9a4ef4",
          "parentUid" : "062fbd56db0365da221cd3598105f947",
          "status" : "passed",
          "time" : {
            "start" : 1594632539779,
            "stop" : 1594632539985,
            "duration" : 206
          },
          "flaky" : false,
          "newFailed" : false,
          "parameters" : [ "1" ]
        }, {
          "name" : "使用在职状态查询",
          "uid" : "82910fb35427e01e",
          "parentUid" : "062fbd56db0365da221cd3598105f947",
          "status" : "passed",
          "time" : {
            "start" : 1594632540109,
            "stop" : 1594632540362,
            "duration" : 253
          },
          "flaky" : false,
          "newFailed" : false,
          "parameters" : [ "2" ]
        }, {
          "name" : "使用在职状态查询",
          "uid" : "9d5f926ac6c56801",
          "parentUid" : "062fbd56db0365da221cd3598105f947",
          "status" : "passed",
          "time" : {
            "start" : 1594632540498,
            "stop" : 1594632540787,
            "duration" : 289
          },
          "flaky" : false,
          "newFailed" : false,
          "parameters" : [ "3" ]
        }, {
          "name" : "使用在职状态查询",
          "uid" : "cd0fae4a5a2ba9f8",
          "parentUid" : "062fbd56db0365da221cd3598105f947",
          "status" : "passed",
          "time" : {
            "start" : 1594632541001,
            "stop" : 1594632541174,
            "duration" : 173
          },
          "flaky" : false,
          "newFailed" : false,
          "parameters" : [ "4" ]
        }, {
          "name" : "使用在职状态查询",
          "uid" : "eec47a569c772bab",
          "parentUid" : "062fbd56db0365da221cd3598105f947",
          "status" : "passed",
          "time" : {
            "start" : 1594632541292,
            "stop" : 1594632544713,
            "duration" : 3421
          },
          "flaky" : false,
          "newFailed" : false,
          "parameters" : [ "5" ]
        }, {
          "name" : "使用在职状态查询",
          "uid" : "c8290f40777d18b3",
          "parentUid" : "062fbd56db0365da221cd3598105f947",
          "status" : "passed",
          "time" : {
            "start" : 1594632545074,
            "stop" : 1594632545255,
            "duration" : 181
          },
          "flaky" : false,
          "newFailed" : false,
          "parameters" : [ "6" ]
        }, {
          "name" : "使用名单是否作废查询",
          "uid" : "5ed1810ecd53bff7",
          "parentUid" : "062fbd56db0365da221cd3598105f947",
          "status" : "passed",
          "time" : {
            "start" : 1594632545379,
            "stop" : 1594632549806,
            "duration" : 4427
          },
          "flaky" : false,
          "newFailed" : false,
          "parameters" : [ ]
        }, {
          "name" : "使用订单编号查询",
          "uid" : "38dfd07c687114cb",
          "parentUid" : "062fbd56db0365da221cd3598105f947",
          "status" : "passed",
          "time" : {
            "start" : 1594632550011,
            "stop" : 1594632551961,
            "duration" : 1950
          },
          "flaky" : false,
          "newFailed" : false,
          "parameters" : [ ]
        }, {
          "name" : "组合查询",
          "uid" : "2804750c94c32199",
          "parentUid" : "062fbd56db0365da221cd3598105f947",
          "status" : "passed",
          "time" : {
            "start" : 1594632552162,
            "stop" : 1594632553613,
            "duration" : 1451
          },
          "flaky" : false,
          "newFailed" : false,
          "parameters" : [ ]
        }, {
          "name" : "分页数据量检查",
          "uid" : "2650ba0d49309d1f",
          "parentUid" : "062fbd56db0365da221cd3598105f947",
          "status" : "passed",
          "time" : {
            "start" : 1594632553735,
            "stop" : 1594632555292,
            "duration" : 1557
          },
          "flaky" : false,
          "newFailed" : false,
          "parameters" : [ ]
        }, {
          "name" : "分页数据量检查",
          "uid" : "d9a1ed738d900f78",
          "parentUid" : "062fbd56db0365da221cd3598105f947",
          "status" : "passed",
          "time" : {
            "start" : 1594632555410,
            "stop" : 1594632556591,
            "duration" : 1181
          },
          "flaky" : false,
          "newFailed" : false,
          "parameters" : [ ]
        }, {
          "name" : "概要检查",
          "uid" : "6f2ec8b48da88cbc",
          "parentUid" : "062fbd56db0365da221cd3598105f947",
          "status" : "passed",
          "time" : {
            "start" : 1594632556718,
            "stop" : 1594632557034,
            "duration" : 316
          },
          "flaky" : false,
          "newFailed" : false,
          "parameters" : [ ]
        } ],
        "uid" : "062fbd56db0365da221cd3598105f947"
      } ],
      "uid" : "8b80b83b2a047e020e946cd5fc55eb9d"
    }, {
      "name" : "test_workcard_infomange",
      "children" : [ {
        "name" : "Testworkcardinfo",
        "children" : [ {
          "name" : "身份证未审核状态工牌信息记录检查",
          "uid" : "2e71c30efaf72e3f",
          "parentUid" : "370fd99a3192ae54b84016ecbd17590b",
          "status" : "broken",
          "time" : {
            "start" : 1594632557111,
            "stop" : 1594632557428,
            "duration" : 317
          },
          "flaky" : false,
          "newFailed" : false,
          "parameters" : [ ]
        }, {
          "name" : "身份证审核不通过状态工牌信息记录检查",
          "uid" : "545eda3bde9a4ae5",
          "parentUid" : "370fd99a3192ae54b84016ecbd17590b",
          "status" : "broken",
          "time" : {
            "start" : 1594632557520,
            "stop" : 1594632557853,
            "duration" : 333
          },
          "flaky" : false,
          "newFailed" : false,
          "parameters" : [ ]
        }, {
          "name" : "身份证审核通过状态，未审核状态的工牌信息检查",
          "uid" : "65670ea774fc4bd1",
          "parentUid" : "370fd99a3192ae54b84016ecbd17590b",
          "status" : "broken",
          "time" : {
            "start" : 1594632557911,
            "stop" : 1594632558246,
            "duration" : 335
          },
          "flaky" : false,
          "newFailed" : false,
          "parameters" : [ ]
        }, {
          "name" : "身份证审核通过状态，审核通过状态的工牌信息检查",
          "uid" : "3bc80c83c1305f65",
          "parentUid" : "370fd99a3192ae54b84016ecbd17590b",
          "status" : "broken",
          "time" : {
            "start" : 1594632558338,
            "stop" : 1594632558670,
            "duration" : 332
          },
          "flaky" : false,
          "newFailed" : false,
          "parameters" : [ ]
        }, {
          "name" : "身份证审核通过状态，审核不通过状态的工牌信息检查",
          "uid" : "85a66e0d26069880",
          "parentUid" : "370fd99a3192ae54b84016ecbd17590b",
          "status" : "broken",
          "time" : {
            "start" : 1594632558759,
            "stop" : 1594632559118,
            "duration" : 359
          },
          "flaky" : false,
          "newFailed" : false,
          "parameters" : [ ]
        }, {
          "name" : "会员有多条结算名单，查询工牌信息接口返回数据检查",
          "uid" : "866a0b86fdc936c6",
          "parentUid" : "370fd99a3192ae54b84016ecbd17590b",
          "status" : "broken",
          "time" : {
            "start" : 1594632559181,
            "stop" : 1594632559527,
            "duration" : 346
          },
          "flaky" : false,
          "newFailed" : false,
          "parameters" : [ ]
        }, {
          "name" : "统计信息数据检查",
          "uid" : "1ff83b054c8177c6",
          "parentUid" : "370fd99a3192ae54b84016ecbd17590b",
          "status" : "broken",
          "time" : {
            "start" : 1594632559587,
            "stop" : 1594632559725,
            "duration" : 138
          },
          "flaky" : false,
          "newFailed" : false,
          "parameters" : [ ]
        }, {
          "name" : "工牌信息列表查看未脱敏手机号、未脱敏身份证号码",
          "uid" : "e8010a757e52c075",
          "parentUid" : "370fd99a3192ae54b84016ecbd17590b",
          "status" : "broken",
          "time" : {
            "start" : 1594632559799,
            "stop" : 1594632559933,
            "duration" : 134
          },
          "flaky" : false,
          "newFailed" : false,
          "parameters" : [ ]
        }, {
          "name" : "默认查询项查询",
          "uid" : "44e45474c91e80b3",
          "parentUid" : "370fd99a3192ae54b84016ecbd17590b",
          "status" : "broken",
          "time" : {
            "start" : 1594632560013,
            "stop" : 1594632560148,
            "duration" : 135
          },
          "flaky" : false,
          "newFailed" : false,
          "parameters" : [ ]
        }, {
          "name" : "身份证号码查询",
          "uid" : "fcf798583d949f45",
          "parentUid" : "370fd99a3192ae54b84016ecbd17590b",
          "status" : "broken",
          "time" : {
            "start" : 1594632560229,
            "stop" : 1594632560382,
            "duration" : 153
          },
          "flaky" : false,
          "newFailed" : false,
          "parameters" : [ ]
        }, {
          "name" : "姓名查询",
          "uid" : "61c5fa88f40e0fc6",
          "parentUid" : "370fd99a3192ae54b84016ecbd17590b",
          "status" : "broken",
          "time" : {
            "start" : 1594632560441,
            "stop" : 1594632560598,
            "duration" : 157
          },
          "flaky" : false,
          "newFailed" : false,
          "parameters" : [ ]
        }, {
          "name" : "手机号码查询",
          "uid" : "4b53227f610871e0",
          "parentUid" : "370fd99a3192ae54b84016ecbd17590b",
          "status" : "broken",
          "time" : {
            "start" : 1594632560655,
            "stop" : 1594632560798,
            "duration" : 143
          },
          "flaky" : false,
          "newFailed" : false,
          "parameters" : [ ]
        }, {
          "name" : "标准企业查询",
          "uid" : "11377e6f24194425",
          "parentUid" : "370fd99a3192ae54b84016ecbd17590b",
          "status" : "broken",
          "time" : {
            "start" : 1594632560875,
            "stop" : 1594632561024,
            "duration" : 149
          },
          "flaky" : false,
          "newFailed" : false,
          "parameters" : [ ]
        }, {
          "name" : "工牌号查询",
          "uid" : "494f45c01720dad3",
          "parentUid" : "370fd99a3192ae54b84016ecbd17590b",
          "status" : "broken",
          "time" : {
            "start" : 1594632561082,
            "stop" : 1594632561236,
            "duration" : 154
          },
          "flaky" : false,
          "newFailed" : false,
          "parameters" : [ ]
        }, {
          "name" : "审核状态查询",
          "uid" : "bf11c720274c244c",
          "parentUid" : "370fd99a3192ae54b84016ecbd17590b",
          "status" : "broken",
          "time" : {
            "start" : 1594632561295,
            "stop" : 1594632561431,
            "duration" : 136
          },
          "flaky" : false,
          "newFailed" : false,
          "parameters" : [ "2" ]
        }, {
          "name" : "审核状态查询",
          "uid" : "2ec494818dc81310",
          "parentUid" : "370fd99a3192ae54b84016ecbd17590b",
          "status" : "broken",
          "time" : {
            "start" : 1594632561510,
            "stop" : 1594632561636,
            "duration" : 126
          },
          "flaky" : false,
          "newFailed" : false,
          "parameters" : [ "3" ]
        }, {
          "name" : "审核状态查询",
          "uid" : "39da65fe2481632f",
          "parentUid" : "370fd99a3192ae54b84016ecbd17590b",
          "status" : "broken",
          "time" : {
            "start" : 1594632561705,
            "stop" : 1594632561832,
            "duration" : 127
          },
          "flaky" : false,
          "newFailed" : false,
          "parameters" : [ "1" ]
        }, {
          "name" : "上传时期查询",
          "uid" : "e9c90a9619380a1c",
          "parentUid" : "370fd99a3192ae54b84016ecbd17590b",
          "status" : "broken",
          "time" : {
            "start" : 1594632561904,
            "stop" : 1594632562070,
            "duration" : 166
          },
          "flaky" : false,
          "newFailed" : false,
          "parameters" : [ "'2020-07-13'", "None" ]
        }, {
          "name" : "上传时期查询",
          "uid" : "f627aa038a488db0",
          "parentUid" : "370fd99a3192ae54b84016ecbd17590b",
          "status" : "broken",
          "time" : {
            "start" : 1594632562150,
            "stop" : 1594632562276,
            "duration" : 126
          },
          "flaky" : false,
          "newFailed" : false,
          "parameters" : [ "None", "'2020-07-13'" ]
        }, {
          "name" : "上传时期查询",
          "uid" : "c7ee706e689a1a7f",
          "parentUid" : "370fd99a3192ae54b84016ecbd17590b",
          "status" : "broken",
          "time" : {
            "start" : 1594632562342,
            "stop" : 1594632562467,
            "duration" : 125
          },
          "flaky" : false,
          "newFailed" : false,
          "parameters" : [ "'2020-07-13'", "'2020-07-13'" ]
        }, {
          "name" : "组合查询",
          "uid" : "9e777c5b9c2122c3",
          "parentUid" : "370fd99a3192ae54b84016ecbd17590b",
          "status" : "broken",
          "time" : {
            "start" : 1594632562532,
            "stop" : 1594632562768,
            "duration" : 236
          },
          "flaky" : false,
          "newFailed" : false,
          "parameters" : [ ]
        }, {
          "name" : "会员无结算名单审核工牌",
          "uid" : "a746e1062d41a08b",
          "parentUid" : "370fd99a3192ae54b84016ecbd17590b",
          "status" : "broken",
          "time" : {
            "start" : 1594632562843,
            "stop" : 1594632563174,
            "duration" : 331
          },
          "flaky" : false,
          "newFailed" : false,
          "parameters" : [ ]
        } ],
        "uid" : "370fd99a3192ae54b84016ecbd17590b"
      } ],
      "uid" : "4ea15baef9379dda3c355bfe7ea8c474"
    } ],
    "uid" : "47df34acf56ee71e099f27b8883f04aa"
  } ]
}